Epoch,Samples,Mean CER,Mean CER (Norm),Mean WER,Mean WER (Norm),Mean BLEU,Mean BLEU (Norm)
0,95,21.16842,0.77946,5.10526,1.07778,0.05223,0.05223
1,95,22.82105,0.83836,5.25263,1.10643,0.01597,0.01597
2,95,21.56842,0.79573,5.34737,1.13140,0.00901,0.00901
3,95,23.58947,0.86860,4.75789,1.00444,0.00368,0.00368
4,95,22.82105,0.83836,4.68421,0.98670,0.00953,0.00953
5,95,22.87368,0.84388,4.69474,0.99332,0.00720,0.00720
6,95,22.65263,0.83411,4.88421,1.03111,0.00769,0.00769
7,95,22.64211,0.83179,4.73684,0.99778,0.01076,0.01076
8,95,22.63158,0.83495,4.93684,1.04454,0.01736,0.01736
9,95,22.10526,0.81395,4.91579,1.03778,0.01421,0.01421
10,95,22.60000,0.83024,4.78947,1.00887,0.01927,0.01927
11,95,22.22105,0.81981,4.65263,0.98441,0.02465,0.02465
12,95,22.85263,0.84147,4.60000,0.97111,0.01312,0.01312
13,95,22.35789,0.82135,4.69474,0.98891,0.02073,0.02073
14,95,22.50526,0.83029,4.57895,0.96882,0.01731,0.01731
15,95,22.47368,0.82752,4.57895,0.96667,0.01328,0.01328
16,95,22.74737,0.83565,4.60000,0.96896,0.01426,0.01426
17,95,22.75789,0.83961,4.57895,0.96882,0.01268,0.01268
18,95,23.08421,0.85000,4.57895,0.96667,0.01316,0.01316
19,95,23.13684,0.84996,4.57895,0.96452,0.01441,0.01441
20,95,22.91579,0.84544,4.56842,0.96659,0.01152,0.01152
21,95,23.00000,0.84690,4.61053,0.97333,0.01412,0.01412
22,95,23.16842,0.85112,4.57895,0.96452,0.01399,0.01399
23,95,23.06316,0.85087,4.55789,0.96437,0.01396,0.01396
24,95,23.03158,0.84806,4.60000,0.97111,0.01434,0.01434
25,95,22.48421,0.82599,4.63158,0.97561,0.01505,0.01505
26,95,22.62105,0.83456,4.60000,0.97327,0.01434,0.01434
27,95,22.48421,0.82791,4.63158,0.97778,0.01445,0.01445
28,95,22.44211,0.82444,4.61053,0.97118,0.01501,0.01501
29,95,22.24211,0.82058,4.62105,0.97773,0.01401,0.01401
30,95,23.20000,0.85426,4.61053,0.97333,0.00798,0.00798
31,95,22.84211,0.83913,4.58947,0.96674,0.00903,0.00903
32,95,22.84211,0.84272,4.57895,0.96882,0.01209,0.01209
33,95,22.52632,0.82946,4.58947,0.96889,0.01461,0.01461
34,95,22.33684,0.82057,4.58947,0.96674,0.02008,0.02008
35,95,22.13684,0.81670,4.61053,0.97550,0.01913,0.01913
36,95,21.92632,0.80736,4.61053,0.97333,0.02071,0.02071
37,95,21.45263,0.78809,4.58947,0.96674,0.02897,0.02897
38,95,21.15789,0.78058,4.66316,0.98664,0.02960,0.02960
39,95,20.25263,0.74574,4.71579,0.99556,0.04028,0.04028
40,95,20.82105,0.76489,4.70526,0.99113,0.03503,0.03503
41,95,20.93684,0.77243,4.57895,0.96882,0.03653,0.03653
42,95,20.88421,0.76899,4.61053,0.97333,0.03651,0.03651
43,95,20.88421,0.76721,4.62105,0.97339,0.03951,0.03951
44,95,21.07368,0.77748,4.60000,0.97327,0.03234,0.03234
45,95,20.87368,0.76860,4.63158,0.97778,0.03525,0.03525
46,95,21.10526,0.77533,4.51579,0.95122,0.04045,0.04045
47,95,20.77895,0.76660,4.57895,0.96882,0.03981,0.03981
48,95,20.08421,0.73953,4.57895,0.96667,0.05686,0.05686
49,95,20.35789,0.74787,4.62105,0.97339,0.05407,0.05407
50,95,20.20000,0.74524,4.56842,0.96659,0.04866,0.04866
51,95,19.40000,0.71434,4.63158,0.97778,0.06829,0.06829
52,95,20.21053,0.74246,4.54737,0.95787,0.06185,0.06185
53,95,20.60000,0.76000,4.55789,0.96437,0.05300,0.05300
54,95,20.46316,0.75349,4.55789,0.96222,0.05581,0.05581
55,95,19.02105,0.69876,4.68421,0.98670,0.08084,0.08084
56,95,19.08421,0.70408,4.55789,0.96437,0.08314,0.08314
57,95,18.57895,0.68411,4.70526,0.99333,0.08626,0.08626
58,95,17.95789,0.65971,4.73684,0.99778,0.10340,0.10340
59,95,18.57895,0.68544,4.54737,0.96214,0.09674,0.09674
60,95,18.49474,0.68101,4.57895,0.96667,0.08824,0.08824
61,95,18.25263,0.67053,4.55789,0.96009,0.09680,0.09680
62,95,18.73684,0.69126,4.57895,0.96882,0.07792,0.07792
63,95,18.60000,0.68488,4.51579,0.95333,0.09114,0.09114
64,95,17.68421,0.64965,4.74737,1.00000,0.10866,0.10866
65,95,17.47368,0.64466,4.69474,0.99332,0.10677,0.10677
66,95,16.88421,0.62171,4.57895,0.96667,0.14435,0.14435
67,95,17.38947,0.63882,4.49474,0.94678,0.12468,0.12468
68,95,17.05263,0.62913,4.52632,0.95768,0.13533,0.13533
69,95,16.56842,0.61008,4.57895,0.96667,0.15382,0.15382
70,95,16.81053,0.61756,4.83158,1.01774,0.14467,0.14467
71,95,16.21053,0.59806,4.51579,0.95546,0.16535,0.16535
72,95,17.36842,0.63953,4.34737,0.91778,0.14561,0.14561
73,95,17.13684,0.62954,4.37895,0.92239,0.14301,0.14301
74,95,16.36842,0.60388,4.44211,0.93987,0.16011,0.16011
75,95,16.93684,0.62364,4.35789,0.92000,0.14863,0.14863
76,95,16.92632,0.62181,4.51579,0.95122,0.15420,0.15420
77,95,15.86316,0.58524,4.36842,0.92428,0.17455,0.17455
78,95,16.13684,0.59419,4.38947,0.92667,0.18481,0.18481
79,95,15.90526,0.58430,4.37895,0.92239,0.18776,0.18776
80,95,16.04211,0.59184,4.15789,0.87973,0.19600,0.19600
81,95,15.42105,0.56783,4.13684,0.87333,0.21910,0.21910
82,95,14.95789,0.54950,4.14737,0.87361,0.22809,0.22809
83,95,15.14737,0.55883,4.22105,0.89310,0.21547,0.21547
84,95,14.51579,0.53450,4.12632,0.87111,0.24263,0.24263
85,95,14.50526,0.53287,4.11579,0.86696,0.24537,0.24537
86,95,14.24211,0.52544,4.18947,0.88641,0.26186,0.26186
87,95,14.42105,0.53101,4.15789,0.87778,0.26086,0.26086
88,95,14.50526,0.53287,4.16842,0.87805,0.24129,0.24129
89,95,14.24211,0.52544,4.09474,0.86637,0.27392,0.27392
90,95,14.15789,0.52132,4.08421,0.86222,0.27972,0.27972
91,95,13.77895,0.50619,4.05263,0.85366,0.29852,0.29852
92,95,13.53684,0.49942,4.05263,0.85746,0.29406,0.29406
93,95,13.75789,0.50659,4.00000,0.84444,0.29757,0.29757
94,95,13.24211,0.48647,3.91579,0.82483,0.32530,0.32530
95,95,12.26316,0.45243,3.71579,0.78619,0.36637,0.36637
96,95,12.27368,0.45194,3.73684,0.78889,0.37558,0.37558
97,95,12.36842,0.45437,3.85263,0.81153,0.36088,0.36088
98,95,12.63158,0.46602,3.94737,0.83519,0.33592,0.33592
99,95,12.28421,0.45233,3.80000,0.80222,0.35642,0.35642
100,95,12.02105,0.44161,3.82105,0.80488,0.36584,0.36584
101,95,12.88421,0.47534,3.81053,0.80624,0.34702,0.34702
102,95,12.33684,0.45426,3.77895,0.79778,0.36469,0.36469
103,95,12.33684,0.45321,3.63158,0.76497,0.37168,0.37168
104,95,11.95789,0.44117,3.68421,0.77951,0.38222,0.38222
105,95,12.09474,0.44535,3.66316,0.77333,0.38287,0.38287
106,95,11.93684,0.43852,3.58947,0.75610,0.39152,0.39152
107,95,11.60000,0.42796,3.63158,0.76837,0.39983,0.39983
108,95,11.69474,0.43062,3.62105,0.76444,0.40599,0.40599
109,95,11.41053,0.41918,3.55789,0.74945,0.41801,0.41801
110,95,11.12632,0.41049,3.61053,0.76392,0.42390,0.42390
111,95,11.13684,0.41008,3.61053,0.76222,0.42514,0.42514
112,95,11.09474,0.40758,3.55789,0.74945,0.43374,0.43374
113,95,10.88421,0.40155,3.49474,0.73942,0.44243,0.44243
114,95,10.47368,0.38566,3.51579,0.74222,0.46185,0.46185
115,95,10.54737,0.38747,3.48421,0.73392,0.46213,0.46213
116,95,10.37895,0.38291,3.45263,0.73051,0.46737,0.46737
117,95,10.16842,0.37442,3.45263,0.72889,0.47693,0.47693
118,95,10.36842,0.38090,3.47368,0.73171,0.46644,0.46644
119,95,10.18947,0.37592,3.42105,0.72383,0.47373,0.47373
120,95,9.82105,0.36163,3.34737,0.70667,0.49603,0.49603
121,95,9.80000,0.36002,3.18947,0.67184,0.50147,0.50147
122,95,10.29474,0.37981,3.33684,0.70601,0.47220,0.47220
123,95,9.67368,0.35620,3.24211,0.68444,0.51153,0.51153
124,95,9.18947,0.33759,3.16842,0.66741,0.53677,0.53677
125,95,9.47368,0.34951,3.16842,0.67038,0.51565,0.51565
126,95,9.74737,0.35891,3.27368,0.69111,0.49800,0.49800
127,95,9.45263,0.34725,3.20000,0.67406,0.52359,0.52359
128,95,9.46316,0.34913,3.10526,0.65702,0.51102,0.51102
129,95,9.74737,0.35891,3.20000,0.67556,0.49478,0.49478
130,95,9.14737,0.33604,3.15789,0.66519,0.53264,0.53264
131,95,9.03158,0.33320,3.12632,0.66147,0.54627,0.54627
132,95,8.93684,0.32907,3.09474,0.65333,0.54785,0.54785
133,95,9.36842,0.34416,3.08421,0.64967,0.53288,0.53288
134,95,8.92632,0.32932,3.04211,0.64365,0.54514,0.54514
135,95,8.82105,0.32481,2.97895,0.62889,0.56406,0.56406
136,95,8.85263,0.32521,2.98947,0.62971,0.56192,0.56192
137,95,8.40000,0.30990,2.87368,0.60802,0.59448,0.59448
138,95,8.24211,0.30349,2.84211,0.60000,0.61008,0.61008
139,95,8.44211,0.31013,2.96842,0.62528,0.58863,0.58863
140,95,8.72632,0.32132,2.91579,0.61556,0.58276,0.58276
141,95,8.54737,0.31473,2.96842,0.62667,0.58234,0.58234
142,95,8.44211,0.31097,2.95789,0.62444,0.58318,0.58318
143,95,8.09474,0.29806,2.95789,0.62444,0.60435,0.60435
144,95,7.90526,0.29109,2.89474,0.61111,0.61471,0.61471
145,95,8.20000,0.30206,2.85263,0.60222,0.61153,0.61153
146,95,8.67368,0.31938,2.95789,0.62444,0.58467,0.58467
147,95,8.14737,0.30000,2.87368,0.60667,0.60566,0.60566
148,95,7.92632,0.29197,2.85263,0.60222,0.61367,0.61367
149,95,7.74737,0.28527,2.86316,0.60444,0.62297,0.62297
150,95,7.94737,0.29264,2.87368,0.60667,0.61658,0.61658
151,95,7.95789,0.29314,2.76842,0.58444,0.61681,0.61681
152,95,7.70526,0.28372,2.86316,0.60444,0.61735,0.61735
153,95,8.18947,0.30155,2.88421,0.60889,0.59503,0.59503
154,95,7.53684,0.27763,2.84211,0.60000,0.63302,0.63302
155,95,7.14737,0.26318,2.69474,0.56889,0.66390,0.66390
156,95,7.61053,0.28023,2.73684,0.57778,0.62865,0.62865
157,95,7.49474,0.27608,2.74737,0.58000,0.63883,0.63883
158,95,7.44211,0.27403,2.78947,0.58889,0.63554,0.63554
159,95,7.01053,0.25814,2.74737,0.58000,0.66224,0.66224
160,95,7.68421,0.28306,2.84211,0.60000,0.63632,0.63632
161,95,7.27368,0.26783,2.75789,0.58222,0.65106,0.65106
162,95,7.35789,0.27093,2.81053,0.59333,0.64610,0.64610
163,95,7.48421,0.27569,2.76842,0.58444,0.64726,0.64726
164,95,7.24211,0.26667,2.73684,0.57778,0.65879,0.65879
165,95,7.21053,0.26550,2.68421,0.56667,0.65829,0.65829
166,95,7.15789,0.26367,2.74737,0.58000,0.66109,0.66109
167,95,6.73684,0.24806,2.65263,0.56000,0.67432,0.67432
168,95,6.77895,0.24961,2.66316,0.56222,0.67851,0.67851
169,95,6.69474,0.24661,2.69474,0.56889,0.68147,0.68147
170,95,7.28421,0.26822,2.71579,0.57333,0.64478,0.64478
171,95,6.84211,0.25194,2.69474,0.56889,0.67598,0.67598
172,95,6.52632,0.24040,2.60000,0.54889,0.68242,0.68242
173,95,7.08421,0.26085,2.65263,0.56000,0.66539,0.66539
174,95,6.62105,0.24380,2.61053,0.55111,0.68304,0.68304
175,95,6.75789,0.24893,2.64211,0.55778,0.67502,0.67502
176,95,6.52632,0.24031,2.64211,0.55778,0.68592,0.68592
177,95,6.81053,0.25078,2.62105,0.55333,0.67078,0.67078
178,95,6.84211,0.25204,2.69474,0.56889,0.66028,0.66028
179,95,6.69474,0.24651,2.61053,0.55111,0.67002,0.67002
180,95,6.33684,0.23333,2.50526,0.52889,0.69716,0.69716
181,95,6.40000,0.23575,2.56842,0.54222,0.68465,0.68465
182,95,6.33684,0.23333,2.55789,0.54000,0.68207,0.68207
183,95,6.44211,0.23721,2.56842,0.54222,0.69113,0.69113
184,95,6.51579,0.24002,2.54737,0.53778,0.68316,0.68316
185,95,6.78947,0.25000,2.62105,0.55333,0.67886,0.67886
186,95,6.22105,0.22907,2.50526,0.52889,0.69412,0.69412
187,95,6.41053,0.23614,2.52632,0.53333,0.69876,0.69876
188,95,6.67368,0.24574,2.58947,0.54667,0.68258,0.68258
189,95,6.46316,0.23798,2.50526,0.52889,0.69856,0.69856
190,95,6.48421,0.23885,2.53684,0.53556,0.68927,0.68927
191,95,6.71579,0.24729,2.61053,0.55111,0.68853,0.68853
192,95,6.13684,0.22597,2.49474,0.52667,0.70223,0.70223
193,95,6.49474,0.23924,2.58947,0.54667,0.67888,0.67888
194,95,6.44211,0.23721,2.64211,0.55778,0.68356,0.68356
195,95,6.42105,0.23643,2.55789,0.54000,0.68636,0.68636
196,95,6.71579,0.24738,2.52632,0.53333,0.67993,0.67993
197,95,6.77895,0.24961,2.55789,0.54000,0.67997,0.67997
198,95,6.45263,0.23760,2.48421,0.52444,0.69491,0.69491
199,95,6.66316,0.24544,2.47368,0.52222,0.67132,0.67132
200,95,6.43158,0.23682,2.54737,0.53778,0.69493,0.69493
201,95,6.17895,0.22752,2.54737,0.53778,0.70117,0.70117
202,95,6.32632,0.23304,2.52632,0.53333,0.69978,0.69978
203,95,6.81053,0.25078,2.53684,0.53556,0.67434,0.67434
204,95,5.78947,0.21318,2.46316,0.52000,0.71989,0.71989
205,95,6.22105,0.22916,2.47368,0.52222,0.69299,0.69299
206,95,6.11579,0.22519,2.45263,0.51778,0.70545,0.70545
207,95,5.78947,0.21318,2.46316,0.52000,0.71867,0.71867
208,95,5.91579,0.21791,2.45263,0.51778,0.71239,0.71239
209,95,6.45263,0.23760,2.51579,0.53111,0.69212,0.69212
210,95,6.16842,0.22713,2.41053,0.50889,0.70095,0.70095
211,95,6.08421,0.22412,2.48421,0.52444,0.70135,0.70135
212,95,6.13684,0.22597,2.46316,0.52000,0.70182,0.70182
213,95,6.04211,0.22248,2.42105,0.51111,0.71050,0.71050
214,95,6.30526,0.23226,2.44211,0.51556,0.69762,0.69762
215,95,6.26316,0.23062,2.43158,0.51333,0.70926,0.70926
216,95,6.48421,0.23876,2.53684,0.53556,0.67690,0.67690
217,95,6.23158,0.22955,2.49474,0.52667,0.69073,0.69073
218,95,5.96842,0.21977,2.43158,0.51333,0.71621,0.71621
219,95,6.20000,0.22829,2.50526,0.52889,0.69530,0.69530
220,95,5.92632,0.21830,2.38947,0.50444,0.71763,0.71763
221,95,6.13684,0.22597,2.41053,0.50889,0.70716,0.70716
222,95,6.30526,0.23217,2.50526,0.52889,0.69113,0.69113
223,95,6.40000,0.23575,2.50526,0.52889,0.69738,0.69738
224,95,6.22105,0.22907,2.49474,0.52667,0.70182,0.70182
225,95,6.15789,0.22674,2.45263,0.51778,0.70349,0.70349
226,95,6.89474,0.25397,2.58947,0.54667,0.67253,0.67253
227,95,6.23158,0.22946,2.47368,0.52222,0.69798,0.69798
228,95,6.05263,0.22287,2.42105,0.51111,0.70588,0.70588
229,95,5.97895,0.22024,2.43158,0.51333,0.70840,0.70840
230,95,5.80000,0.21357,2.36842,0.50000,0.71443,0.71443
231,95,5.89474,0.21705,2.38947,0.50444,0.71475,0.71475
232,95,5.93684,0.21869,2.45263,0.51778,0.71432,0.71432
233,95,5.90526,0.21744,2.33684,0.49333,0.71794,0.71794
234,95,5.88421,0.21896,2.31579,0.49217,0.71449,0.71449
235,95,5.49474,0.20209,2.27368,0.47788,0.73210,0.73210
236,95,5.57895,0.20543,2.25263,0.47556,0.73053,0.73053
237,95,5.65263,0.21034,2.29474,0.48770,0.72583,0.72583
238,95,5.65263,0.20790,2.36842,0.49779,0.72191,0.72191
239,95,5.69474,0.20969,2.31579,0.48889,0.71854,0.71854
240,95,5.68421,0.21152,2.22105,0.47204,0.71797,0.71797
241,95,5.42105,0.19938,2.31579,0.48673,0.73818,0.73818
242,95,5.66316,0.20853,2.33684,0.49333,0.72258,0.72258
243,95,5.73684,0.21347,2.27368,0.48322,0.72076,0.72076
244,95,5.57895,0.20519,2.41053,0.50664,0.72296,0.72296
245,95,5.62105,0.20698,2.35789,0.49778,0.72344,0.72344
246,95,5.85263,0.21778,2.35789,0.50112,0.71072,0.71072
247,95,5.49474,0.20209,2.29474,0.48230,0.72614,0.72614
248,95,5.77895,0.21279,2.41053,0.50889,0.71402,0.71402
249,95,5.70526,0.21230,2.35789,0.50112,0.71843,0.71843
250,95,5.77895,0.21254,2.33684,0.49115,0.71554,0.71554
251,95,5.38947,0.19845,2.28421,0.48222,0.72838,0.72838
252,95,5.62105,0.20917,2.31579,0.49217,0.73343,0.73343
253,95,5.65263,0.20790,2.24211,0.47124,0.72222,0.72222
254,95,5.40000,0.19884,2.23158,0.47111,0.73995,0.73995
255,95,5.40000,0.20094,2.23158,0.47427,0.73598,0.73598
256,95,5.81053,0.21370,2.33684,0.49115,0.71717,0.71717
257,95,6.00000,0.22093,2.43158,0.51333,0.70903,0.70903
258,95,5.77895,0.21504,2.30526,0.48993,0.72688,0.72688
259,95,6.30526,0.23190,2.48421,0.52212,0.68652,0.68652
260,95,6.07368,0.22364,2.38947,0.50444,0.70311,0.70311
261,95,5.47368,0.20368,2.43158,0.51678,0.73377,0.73377
262,95,6.08421,0.22377,2.38947,0.50221,0.70915,0.70915
263,95,5.85263,0.21550,2.26316,0.47778,0.71768,0.71768
264,95,5.30526,0.19741,2.28421,0.48546,0.73910,0.73910
265,95,5.71579,0.21022,2.32632,0.48894,0.72389,0.72389
266,95,5.61053,0.20659,2.28421,0.48222,0.72294,0.72294
267,95,5.32632,0.19820,2.26316,0.48098,0.73196,0.73196
268,95,5.88421,0.21642,2.28421,0.48009,0.71670,0.71670
269,95,5.37895,0.19806,2.25263,0.47556,0.73023,0.73023
270,95,5.67368,0.20891,2.36842,0.50000,0.72545,0.72545
271,95,5.61053,0.20877,2.30526,0.48993,0.72053,0.72053
272,95,5.69474,0.20945,2.29474,0.48230,0.72704,0.72704
273,95,5.64211,0.20775,2.40000,0.50667,0.71385,0.71385
274,95,5.87368,0.21857,2.30526,0.48993,0.70458,0.70458
275,95,5.65263,0.20790,2.37895,0.50000,0.71434,0.71434
276,95,5.69474,0.20969,2.28421,0.48222,0.71946,0.71946
277,95,5.20000,0.19350,2.18947,0.46532,0.73821,0.73821
278,95,5.58947,0.20557,2.25263,0.47345,0.72693,0.72693
279,95,5.54737,0.20426,2.25263,0.47556,0.73259,0.73259
280,95,5.86316,0.21817,2.35789,0.50112,0.71181,0.71181
281,95,5.64211,0.20751,2.33684,0.49115,0.72667,0.72667
282,95,5.32632,0.19612,2.24211,0.47333,0.73358,0.73358
283,95,5.24211,0.19139,2.24211,0.46813,0.73675,0.73675
284,95,5.78947,0.21368,2.30526,0.48559,0.71142,0.71142
285,95,5.75789,0.21202,2.36842,0.50000,0.71147,0.71147
286,95,5.56842,0.20331,2.33684,0.48791,0.73477,0.73477
287,95,5.64211,0.20824,2.29474,0.48337,0.72411,0.72411
288,95,5.43158,0.20000,2.21053,0.46667,0.72893,0.72893
289,95,5.52632,0.20177,2.27368,0.47473,0.72798,0.72798
290,95,5.56842,0.20552,2.23158,0.47007,0.71756,0.71756
291,95,5.66316,0.20853,2.26316,0.47778,0.71801,0.71801
292,95,5.66316,0.20676,2.25263,0.47033,0.72820,0.72820
293,95,5.21053,0.19231,2.24211,0.47228,0.73578,0.73578
294,95,5.46316,0.20116,2.20000,0.46444,0.73414,0.73414
295,95,5.22105,0.19062,2.23158,0.46593,0.72798,0.72798
296,95,5.55789,0.20513,2.25263,0.47450,0.71525,0.71525
297,95,5.91579,0.21783,2.44211,0.51556,0.68956,0.68956
298,95,5.71579,0.20869,2.35789,0.49231,0.72646,0.72646
299,95,5.70526,0.21057,2.27368,0.47894,0.71773,0.71773
300,95,5.52632,0.20349,2.27368,0.48000,0.72053,0.72053
301,95,5.38947,0.19677,2.20000,0.45934,0.73533,0.73533
302,95,5.42105,0.20008,2.22105,0.46785,0.72643,0.72643
303,95,5.34737,0.19690,2.18947,0.46222,0.73700,0.73700
304,95,5.40000,0.19716,2.24211,0.46813,0.73013,0.73013
305,95,5.27368,0.19464,2.27368,0.47894,0.72970,0.72970
306,95,5.27368,0.19419,2.27368,0.48000,0.72307,0.72307
307,95,5.35789,0.19562,2.23158,0.46593,0.73434,0.73434
308,95,5.16842,0.19075,2.17895,0.45898,0.74379,0.74379
309,95,5.00000,0.18411,2.15789,0.45556,0.74496,0.74496
310,95,5.25263,0.19178,2.26316,0.47253,0.73618,0.73618
311,95,4.84211,0.17871,2.14737,0.45233,0.75474,0.75474
312,95,5.07368,0.18682,2.12632,0.44889,0.74854,0.74854
313,95,5.18947,0.18947,2.23158,0.46593,0.74587,0.74587
314,95,5.06316,0.18687,2.26316,0.47672,0.73914,0.73914
315,95,5.22105,0.19225,2.28421,0.48222,0.73207,0.73207
316,95,5.32632,0.19447,2.21053,0.46154,0.74014,0.74014
317,95,5.58947,0.20629,2.30526,0.48559,0.71508,0.71508
318,95,5.45263,0.20078,2.21053,0.46667,0.73524,0.73524
319,95,5.08421,0.18563,2.16842,0.45275,0.74912,0.74912
320,95,5.22105,0.19270,2.16842,0.45676,0.73628,0.73628
321,95,4.87368,0.17946,2.08421,0.44000,0.75616,0.75616
322,95,4.98947,0.18217,2.14737,0.44835,0.75185,0.75185
323,95,5.10526,0.18842,2.23158,0.47007,0.73874,0.73874
324,95,5.16842,0.19031,2.18947,0.46222,0.73709,0.73709
325,95,5.14737,0.18793,2.20000,0.45934,0.73896,0.73896
326,95,5.54737,0.20474,2.32632,0.49002,0.72442,0.72442
327,95,5.36842,0.19767,2.25263,0.47556,0.73371,0.73371
328,95,5.09474,0.18601,2.16842,0.45275,0.74978,0.74978
329,95,5.21053,0.19231,2.25263,0.47450,0.74622,0.74622
330,95,5.02105,0.18488,2.20000,0.46444,0.75256,0.75256
331,95,5.22105,0.19062,2.21053,0.46154,0.74172,0.74172
332,95,5.17895,0.19114,2.23158,0.47007,0.73774,0.73774
333,95,4.97895,0.18333,2.21053,0.46667,0.74651,0.74651
334,95,5.21053,0.19024,2.11579,0.44176,0.74693,0.74693
335,95,4.97895,0.18376,2.18947,0.46120,0.74323,0.74323
336,95,5.05263,0.18605,2.15789,0.45556,0.74574,0.74574
337,95,5.18947,0.18947,2.23158,0.46593,0.74174,0.74174
338,95,4.98947,0.18415,2.21053,0.46563,0.74660,0.74660
339,95,4.94737,0.18217,2.18947,0.46222,0.74631,0.74631
340,95,5.21053,0.19186,2.24211,0.47333,0.73229,0.73229
341,95,5.03158,0.18738,2.24211,0.47651,0.74947,0.74947
342,95,5.24211,0.19522,2.20000,0.46756,0.73429,0.73429
343,95,5.20000,0.19147,2.20000,0.46444,0.75005,0.75005
344,95,5.23158,0.19483,2.16842,0.46085,0.74154,0.74154
345,95,5.11579,0.19051,2.25263,0.47875,0.73369,0.73369
346,95,5.25263,0.19341,2.18947,0.46222,0.74737,0.74737
347,95,4.95789,0.18463,2.17895,0.46309,0.74024,0.74024
348,95,4.97895,0.18542,2.21053,0.46980,0.74695,0.74695
349,95,4.86316,0.17907,2.15789,0.45556,0.75532,0.75532
350,95,5.45263,0.20306,2.22105,0.47204,0.71830,0.71830
351,95,4.96842,0.18503,2.20000,0.46756,0.74986,0.74986
352,95,5.40000,0.19884,2.27368,0.48000,0.73377,0.73377
353,95,5.36842,0.19992,2.24211,0.47651,0.73507,0.73507
354,95,5.16842,0.19247,2.22105,0.47204,0.74658,0.74658
355,95,4.62105,0.17016,2.15789,0.45556,0.76358,0.76358
356,95,5.05263,0.18816,2.13684,0.45414,0.74895,0.74895
357,95,4.89474,0.18228,2.14737,0.45638,0.75522,0.75522
358,95,4.71579,0.17364,2.23158,0.47111,0.75369,0.75369
359,95,5.36842,0.19992,2.26316,0.48098,0.73273,0.73273
360,95,5.37895,0.20031,2.16842,0.46085,0.74107,0.74107
361,95,5.40000,0.19884,2.28421,0.48222,0.72917,0.72917
362,95,5.28421,0.19679,2.25263,0.47875,0.72977,0.72977
363,95,5.63158,0.20972,2.21053,0.46980,0.72790,0.72790
364,95,4.80000,0.17674,2.13684,0.45111,0.76238,0.76238
365,95,5.14737,0.19169,2.10526,0.44743,0.75029,0.75029
366,95,5.18947,0.19326,2.20000,0.46756,0.74280,0.74280
367,95,5.61053,0.20659,2.31579,0.48889,0.73129,0.73129
368,95,5.35789,0.19953,2.20000,0.46756,0.74164,0.74164
369,95,5.38947,0.20071,2.28421,0.48546,0.73727,0.73727
370,95,5.33684,0.19651,2.26316,0.47778,0.73754,0.73754
371,95,5.03158,0.18738,2.18947,0.46532,0.73750,0.73750
372,95,4.91579,0.18307,2.30526,0.48993,0.74794,0.74794
373,95,4.98947,0.18372,2.22105,0.46889,0.75447,0.75447
374,95,4.90526,0.18267,2.17895,0.46309,0.74914,0.74914
375,95,4.74737,0.17679,2.16842,0.46085,0.76352,0.76352
376,95,5.27368,0.19419,2.24211,0.47333,0.73758,0.73758
377,95,4.72632,0.17601,2.15789,0.45861,0.75228,0.75228
378,95,5.13684,0.19130,2.17895,0.46309,0.74175,0.74175
379,95,5.17895,0.19070,2.23158,0.47111,0.74704,0.74704
380,95,5.40000,0.20110,2.36842,0.50336,0.72481,0.72481
381,95,4.89474,0.18228,2.21053,0.46980,0.74163,0.74163
382,95,4.70526,0.17326,2.16842,0.45778,0.76306,0.76306
383,95,4.96842,0.18503,2.25263,0.47875,0.74636,0.74636
384,95,5.17895,0.19287,2.17895,0.46309,0.74879,0.74879
385,95,5.27368,0.19419,2.27368,0.48000,0.73666,0.73666
386,95,4.81053,0.17915,2.25263,0.47875,0.74989,0.74989
387,95,4.90526,0.18267,2.21053,0.46980,0.75582,0.75582
388,95,5.01053,0.18450,2.14737,0.45333,0.75686,0.75686
389,95,5.06316,0.18855,2.15789,0.45861,0.74608,0.74608
390,95,4.68421,0.17444,2.08421,0.44295,0.76567,0.76567
391,95,4.49474,0.16550,2.05263,0.43333,0.77492,0.77492
392,95,5.07368,0.18895,2.21053,0.46980,0.74520,0.74520
393,95,4.95789,0.18463,2.16842,0.46085,0.75274,0.75274
394,95,5.16842,0.19031,2.21053,0.46667,0.75131,0.75131
395,95,5.03158,0.18738,2.28421,0.48546,0.74229,0.74229
396,95,4.92632,0.18346,2.15789,0.45861,0.75607,0.75607
397,95,4.78947,0.17636,2.21053,0.46667,0.75930,0.75930
398,95,5.68421,0.21168,2.43158,0.51678,0.71329,0.71329
399,95,4.93684,0.18385,2.20000,0.46756,0.75410,0.75410
400,95,4.43158,0.16318,2.04211,0.43111,0.78253,0.78253
401,95,4.61053,0.17170,2.13684,0.45414,0.76457,0.76457
402,95,4.76842,0.17758,2.17895,0.46309,0.75870,0.75870
403,95,5.04211,0.18566,2.16842,0.45778,0.75776,0.75776
404,95,5.51579,0.20541,2.27368,0.48322,0.72740,0.72740
405,95,5.15789,0.19208,2.18947,0.46532,0.74413,0.74413
406,95,4.86316,0.17907,2.15789,0.45556,0.75159,0.75159
407,95,5.26316,0.19600,2.22105,0.47204,0.72842,0.72842
408,95,4.76842,0.17758,2.12632,0.45190,0.75760,0.75760
409,95,5.14737,0.18953,2.28421,0.48222,0.73284,0.73284
410,95,4.80000,0.17875,2.15789,0.45861,0.76089,0.76089
411,95,4.94737,0.18424,2.11579,0.44966,0.75221,0.75221
412,95,5.15789,0.18992,2.14737,0.45333,0.74753,0.74753
413,95,5.31579,0.19796,2.24211,0.47651,0.72946,0.72946
414,95,4.75789,0.17719,2.14737,0.45638,0.75393,0.75393
415,95,4.86316,0.17907,2.20000,0.46444,0.75479,0.75479
416,95,5.03158,0.18738,2.14737,0.45638,0.74751,0.74751
417,95,4.62105,0.17209,2.12632,0.45190,0.76883,0.76883
418,95,4.72632,0.17403,2.15789,0.45556,0.76454,0.76454
419,95,5.00000,0.18620,2.21053,0.46980,0.75153,0.75153
420,95,4.80000,0.17875,2.14737,0.45638,0.75997,0.75997
421,95,4.75789,0.17519,2.17895,0.46000,0.75693,0.75693
422,95,5.14737,0.19169,2.22105,0.47204,0.74167,0.74167
423,95,5.07368,0.18895,2.21053,0.46980,0.75475,0.75475
424,95,4.90526,0.18062,2.12632,0.44889,0.75815,0.75815
425,95,4.82105,0.17954,2.21053,0.46980,0.75280,0.75280
426,95,4.67368,0.17405,2.15789,0.45861,0.75888,0.75888
427,95,5.15789,0.18992,2.17895,0.46000,0.74391,0.74391
428,95,5.55789,0.20698,2.20000,0.46756,0.72657,0.72657
429,95,4.69474,0.17483,2.14737,0.45638,0.76246,0.76246
430,95,4.68421,0.17248,2.12632,0.44889,0.76305,0.76305
431,95,4.97895,0.18542,2.21053,0.46980,0.74989,0.74989
432,95,4.90526,0.18267,2.13684,0.45414,0.75195,0.75195
433,95,4.58947,0.16899,2.11579,0.44667,0.76855,0.76855
434,95,5.52632,0.20580,2.18947,0.46532,0.73115,0.73115
435,95,5.21053,0.19404,2.24211,0.47651,0.73170,0.73170
436,95,4.84211,0.17829,2.14737,0.45333,0.75861,0.75861
437,95,5.62105,0.20933,2.33684,0.49664,0.71859,0.71859
438,95,5.35789,0.19953,2.24211,0.47651,0.72703,0.72703
439,95,5.40000,0.19884,2.20000,0.46444,0.73999,0.73999
440,95,5.07368,0.18895,2.23158,0.47427,0.74426,0.74426
441,95,4.94737,0.18424,2.18947,0.46532,0.75325,0.75325
442,95,5.29474,0.19496,2.29474,0.48444,0.74319,0.74319
443,95,6.03158,0.22462,2.45263,0.52125,0.70634,0.70634
444,95,5.13684,0.19130,2.18947,0.46532,0.73971,0.73971
445,95,4.83158,0.17791,2.08421,0.44000,0.75632,0.75632
446,95,4.66316,0.17366,2.09474,0.44519,0.77572,0.77572
447,95,5.55789,0.20698,2.26316,0.48098,0.73077,0.73077
448,95,5.28421,0.19457,2.16842,0.45778,0.74644,0.74644
449,95,4.93684,0.18385,2.13684,0.45414,0.75785,0.75785
450,95,4.88421,0.18189,2.09474,0.44519,0.75447,0.75447
451,95,4.74737,0.17481,2.10526,0.44444,0.76251,0.76251
452,95,5.16842,0.19247,2.22105,0.47204,0.73765,0.73765
453,95,4.42105,0.16464,2.03158,0.43177,0.78049,0.78049
454,95,4.36842,0.16085,2.02105,0.42667,0.78602,0.78602
455,95,5.17895,0.19287,2.18947,0.46532,0.74813,0.74813
456,95,4.97895,0.18542,2.13684,0.45414,0.75312,0.75312
457,95,4.60000,0.16938,2.10526,0.44444,0.76770,0.76770
458,95,4.87368,0.18150,2.16842,0.46085,0.74797,0.74797
459,95,4.85263,0.18071,2.08421,0.44295,0.74873,0.74873
460,95,5.35789,0.19729,2.23158,0.47111,0.72117,0.72117
461,95,4.61053,0.16924,2.13684,0.45111,0.76891,0.76891
462,95,4.73684,0.17455,2.10526,0.44643,0.76853,0.76853
463,95,4.65263,0.17132,2.10526,0.44444,0.76339,0.76339
464,95,4.60000,0.16886,2.08421,0.44000,0.76563,0.76563
465,95,4.65263,0.17145,2.08421,0.44196,0.76357,0.76357
466,95,4.96842,0.18295,2.13684,0.45111,0.74868,0.74868
467,95,4.78947,0.17581,2.07368,0.43778,0.76143,0.76143
468,95,4.89474,0.18037,2.13684,0.45312,0.75132,0.75132
469,95,4.87368,0.17946,2.09474,0.44222,0.76167,0.76167
470,95,5.35789,0.19668,2.15789,0.45556,0.74262,0.74262
471,95,5.13684,0.18929,2.27368,0.48214,0.73840,0.73840
472,95,4.98947,0.18372,2.16842,0.45778,0.75783,0.75783
473,95,4.63158,0.17002,2.06316,0.43556,0.77369,0.77369
474,95,4.92632,0.18154,2.08421,0.44196,0.76015,0.76015
475,95,4.96842,0.18295,2.12632,0.44889,0.75468,0.75468
476,95,4.86316,0.17852,2.06316,0.43556,0.75840,0.75840
477,95,4.89474,0.18037,2.13684,0.45312,0.75712,0.75712
478,95,5.05263,0.18605,2.12632,0.44889,0.75062,0.75062
479,95,4.89474,0.17968,2.09474,0.44222,0.75910,0.75910
480,95,4.85263,0.17882,2.12632,0.45089,0.74794,0.74794
481,95,4.84211,0.17829,2.13684,0.45111,0.75232,0.75232
482,95,4.80000,0.17620,2.04211,0.43111,0.76119,0.76119
483,95,4.76842,0.17572,2.08421,0.44196,0.76139,0.76139
484,95,4.70526,0.17326,2.16842,0.45778,0.76462,0.76462
485,95,4.43158,0.16267,2.14737,0.45333,0.77498,0.77498
486,95,4.61053,0.16990,2.13684,0.45312,0.77110,0.77110
487,95,4.76842,0.17558,2.17895,0.46000,0.76234,0.76234
488,95,4.37895,0.16074,2.07368,0.43778,0.77997,0.77997
489,95,4.69474,0.17300,2.10526,0.44643,0.76199,0.76199
490,95,4.50526,0.16589,2.10526,0.44444,0.76789,0.76789
491,95,4.67368,0.17156,2.12632,0.44889,0.76375,0.76375
492,95,4.53684,0.16718,2.07368,0.43973,0.77082,0.77082
493,95,4.87368,0.17946,2.10526,0.44444,0.75866,0.75866
494,95,4.55789,0.16731,2.08421,0.44000,0.77667,0.77667
495,95,4.64211,0.17106,2.11579,0.44866,0.77978,0.77978
496,95,5.18947,0.19109,2.12632,0.44889,0.75564,0.75564
497,95,5.15789,0.18934,2.16842,0.45778,0.74006,0.74006
498,95,5.13684,0.18929,2.16842,0.45982,0.73790,0.73790
499,95,5.17895,0.19070,2.30526,0.48667,0.74922,0.74922
500,95,4.71579,0.17311,2.06316,0.43556,0.76196,0.76196
501,95,5.31579,0.19589,2.11579,0.44866,0.74103,0.74103
502,95,5.27368,0.19419,2.16842,0.45778,0.73671,0.73671
503,95,4.86316,0.17852,2.11579,0.44667,0.75920,0.75920
504,95,4.97895,0.18348,2.14737,0.45536,0.74833,0.74833
505,95,4.83158,0.17791,2.11579,0.44667,0.75932,0.75932
506,95,4.70526,0.17272,2.15789,0.45556,0.77137,0.77137
507,95,4.58947,0.16912,2.11579,0.44866,0.77104,0.77104
508,95,4.63158,0.17054,2.12632,0.44889,0.76607,0.76607
509,95,5.42105,0.19900,2.24211,0.47333,0.72636,0.72636
510,95,4.95789,0.18270,2.14737,0.45536,0.75189,0.75189
511,95,4.80000,0.17674,2.13684,0.45111,0.76559,0.76559
512,95,4.81053,0.17658,2.16842,0.45778,0.76420,0.76420
513,95,4.54737,0.16757,2.02105,0.42857,0.77204,0.77204
514,95,4.58947,0.16899,2.09474,0.44222,0.77054,0.77054
515,95,4.88421,0.17929,2.15789,0.45556,0.76135,0.76135
516,95,5.23158,0.19279,2.23158,0.47321,0.73886,0.73886
517,95,4.48421,0.16512,2.13684,0.45111,0.77342,0.77342
518,95,5.36842,0.19706,2.31579,0.48889,0.73437,0.73437
519,95,5.30526,0.19550,2.24211,0.47545,0.74246,0.74246
520,95,4.65263,0.17132,2.12632,0.44889,0.77624,0.77624
521,95,4.74737,0.17427,2.14737,0.45333,0.76705,0.76705
522,95,4.74737,0.17494,2.17895,0.46205,0.76145,0.76145
523,95,4.76842,0.17558,2.08421,0.44000,0.76648,0.76648
524,95,4.69474,0.17233,2.13684,0.45111,0.76581,0.76581
525,95,4.90526,0.18076,2.18947,0.46429,0.75122,0.75122
526,95,4.81053,0.17713,2.18947,0.46222,0.75360,0.75360
527,95,4.85263,0.17813,2.17895,0.46000,0.76476,0.76476
528,95,4.80000,0.17688,2.18947,0.46429,0.76611,0.76611
529,95,4.45263,0.16395,2.08421,0.44000,0.78119,0.78119
530,95,4.73684,0.17388,2.12632,0.44889,0.76575,0.76575
531,95,4.85263,0.17882,2.16842,0.45982,0.75929,0.75929
532,95,4.78947,0.17636,2.14737,0.45333,0.76450,0.76450
533,95,4.51579,0.16577,2.08421,0.44000,0.77797,0.77797
534,95,4.62105,0.17029,2.11579,0.44866,0.77296,0.77296
535,95,4.57895,0.16860,2.10526,0.44444,0.77546,0.77546
536,95,4.09474,0.15031,2.06316,0.43556,0.78939,0.78939
537,95,4.88421,0.17998,2.22105,0.47098,0.76219,0.76219
538,95,4.65263,0.17132,2.13684,0.45111,0.77128,0.77128
539,95,4.37895,0.16074,2.05263,0.43333,0.78160,0.78160
540,95,4.92632,0.18154,2.23158,0.47321,0.75384,0.75384
541,95,4.91579,0.18101,2.20000,0.46444,0.75099,0.75099
542,95,4.58947,0.16847,2.07368,0.43778,0.77296,0.77296
543,95,5.02105,0.18503,2.24211,0.47545,0.75078,0.75078
544,95,5.02105,0.18488,2.18947,0.46222,0.74978,0.74978
545,95,4.31579,0.15842,2.09474,0.44222,0.78054,0.78054
546,95,4.91579,0.18115,2.25263,0.47768,0.75918,0.75918
547,95,4.85263,0.17868,2.15789,0.45556,0.76745,0.76745
548,95,4.61053,0.16924,2.12632,0.44889,0.77252,0.77252
549,95,4.72632,0.17417,2.08421,0.44196,0.77206,0.77206
550,95,5.00000,0.18411,2.13684,0.45111,0.77197,0.77197
551,95,4.90526,0.18006,2.14737,0.45333,0.75766,0.75766
552,95,5.11579,0.18852,2.28421,0.48438,0.74839,0.74839
553,95,5.87368,0.21628,2.28421,0.48222,0.72250,0.72250
554,95,4.92632,0.18083,2.18947,0.46222,0.75967,0.75967
555,95,5.06316,0.18658,2.23158,0.47321,0.75220,0.75220
556,95,5.02105,0.18488,2.24211,0.47333,0.74859,0.74859
557,95,5.01053,0.18393,2.20000,0.46444,0.75598,0.75598
558,95,4.84211,0.17843,2.15789,0.45759,0.75833,0.75833
559,95,5.06316,0.18643,2.20000,0.46444,0.75737,0.75737
560,95,4.98947,0.18315,2.21053,0.46667,0.76149,0.76149
561,95,5.47368,0.20171,2.32632,0.49330,0.72737,0.72737
562,95,5.18947,0.19109,2.27368,0.48000,0.74515,0.74515
563,95,4.74737,0.17427,2.14737,0.45333,0.76871,0.76871
564,95,4.73684,0.17455,2.11579,0.44866,0.77001,0.77001
565,95,4.88421,0.17984,2.17895,0.46000,0.76631,0.76631
566,95,4.92632,0.18083,2.18947,0.46222,0.75742,0.75742
567,95,4.63158,0.17067,2.09474,0.44420,0.76749,0.76749
568,95,4.62105,0.17016,2.09474,0.44222,0.77529,0.77529
569,95,4.80000,0.17620,2.03158,0.42889,0.76052,0.76052


